sounding_key,station,valid,n_levels,sfc_tmpc,sfc_dwpc,freeze_ft_agl,pw_mm
IAD_2026-01-01T00:00:00Z,IAD,2026-01-01T00:00:00Z,162,2.0,-7.0,896,9.3
OKX_2026-01-01T00:00:00Z,OKX,2026-01-01T00:00:00Z,220,-2.5,-8.5,,5.9
IAD_2026-01-01T12:00:00Z,IAD,2026-01-01T12:00:00Z,102,-0.3,-4.5,,7.5
OKX_2026-01-01T12:00:00Z,OKX,2026-01-01T12:00:00Z,128,0.0,-0.4,0,7.3
IAD_2026-01-02T00:00:00Z,IAD,2026-01-02T00:00:00Z,154,-2.3,-17.3,,5.3
OKX_2026-01-02T00:00:00Z,OKX,2026-01-02T00:00:00Z,199,-5.3,-16.3,,2.0
IAD_2026-01-02T12:00:00Z,IAD,2026-01-02T12:00:00Z,169,-2.7,-13.7,,8.4
OKX_2026-01-02T12:00:00Z,OKX,2026-01-02T12:00:00Z,145,-6.9,-9.6,,5.1
IAD_2026-01-03T00:00:00Z,IAD,2026-01-03T00:00:00Z,172,1.4,-7.6,901,7.7
OKX_2026-01-03T00:00:00Z,OKX,2026-01-03T00:00:00Z,193,-2.3,-10.3,,3.2
IAD_2026-01-03T12:00:00Z,IAD,2026-01-03T12:00:00Z,161,-3.1,-9.1,,7.4
OKX_2026-01-03T12:00:00Z,OKX,2026-01-03T12:00:00Z,210,-7.5,-11.8,,4.0
IAD_2026-01-04T00:00:00Z,IAD,2026-01-04T00:00:00Z,77,1.4,-7.6,419,12.1
OKX_2026-01-04T00:00:00Z,OKX,2026-01-04T00:00:00Z,199,-3.9,-8.9,,7.2
IAD_2026-01-04T12:00:00Z,IAD,2026-01-04T12:00:00Z,85,-0.3,-9.3,,7.6
OKX_2026-01-04T12:00:00Z,OKX,2026-01-04T12:00:00Z,231,-3.3,-7.2,,8.2
IAD_2026-01-05T00:00:00Z,IAD,2026-01-05T00:00:00Z,95,2.6,-6.4,1232,6.7
OKX_2026-01-05T00:00:00Z,OKX,2026-01-05T00:00:00Z,243,-3.9,-6.8,,5.0
IAD_2026-01-05T12:00:00Z,IAD,2026-01-05T12:00:00Z,158,-5.7,-8.1,4314,11.5
OKX_2026-01-05T12:00:00Z,OKX,2026-01-05T12:00:00Z,230,-10.9,-11.6,,7.2
IAD_2026-01-06T00:00:00Z,IAD,2026-01-06T00:00:00Z,168,4.8,-1.2,1767,14.3
OKX_2026-01-06T00:00:00Z,OKX,2026-01-06T00:00:00Z,203,1.8,-1.3,954,10.6
IAD_2026-01-06T12:00:00Z,IAD,2026-01-06T12:00:00Z,185,0.8,-1.1,9568,13.8
OKX_2026-01-06T12:00:00Z,OKX,2026-01-06T12:00:00Z,128,-1.1,-1.2,113,11.6
IAD_2026-01-07T00:00:00Z,IAD,2026-01-07T00:00:00Z,183,6.0,3.8,6910,15.3
OKX_2026-01-07T00:00:00Z,OKX,2026-01-07T00:00:00Z,227,2.6,1.0,8237,16.0
IAD_2026-01-07T12:00:00Z,IAD,2026-01-07T12:00:00Z,168,5.0,4.1,7500,12.3
OKX_2026-01-07T12:00:00Z,OKX,2026-01-07T12:00:00Z,212,2.6,2.6,6424,17.8
IAD_2026-01-08T00:00:00Z,IAD,2026-01-08T00:00:00Z,197,12.2,4.2,6744,12.1
OKX_2026-01-08T00:00:00Z,OKX,2026-01-08T00:00:00Z,202,5.8,1.2,2592,12.1
IAD_2026-01-08T12:00:00Z,IAD,2026-01-08T12:00:00Z,142,0.2,-0.8,7162,10.9
OKX_2026-01-08T12:00:00Z,OKX,2026-01-08T12:00:00Z,205,-2.9,-3.0,115,10.7
IAD_2026-01-09T00:00:00Z,IAD,2026-01-09T00:00:00Z,193,9.6,3.6,8910,12.6
OKX_2026-01-09T00:00:00Z,OKX,2026-01-09T00:00:00Z,136,1.8,-0.6,7506,8.3
IAD_2026-01-09T12:00:00Z,IAD,2026-01-09T12:00:00Z,120,4.6,3.6,11682,19.3
OKX_2026-01-09T12:00:00Z,OKX,2026-01-09T12:00:00Z,130,-4.3,-4.7,77,13.9
IAD_2026-01-10T00:00:00Z,IAD,2026-01-10T00:00:00Z,137,12.4,10.6,10907,33.9
OKX_2026-01-10T00:00:00Z,OKX,2026-01-10T00:00:00Z,154,8.8,7.7,11124,31.5
IAD_2026-01-10T12:00:00Z,IAD,2026-01-10T12:00:00Z,119,10.4,8.5,10350,27.3
OKX_2026-01-10T12:00:00Z,OKX,2026-01-10T12:00:00Z,207,6.4,5.5,10021,5.0
IAD_2026-01-11T00:00:00Z,IAD,2026-01-11T00:00:00Z,176,8.0,7.4,11595,31.3
OKX_2026-01-11T00:00:00Z,OKX,2026-01-11T00:00:00Z,158,3.8,3.5,9561,29.6
IAD_2026-01-11T12:00:00Z,IAD,2026-01-11T12:00:00Z,202,7.4,0.4,4200,8.2
OKX_2026-01-11T12:00:00Z,OKX,2026-01-11T12:00:00Z,220,5.4,5.4,7325,19.7
IAD_2026-01-12T00:00:00Z,IAD,2026-01-12T00:00:00Z,149,2.0,-8.0,726,5.6
OKX_2026-01-12T00:00:00Z,OKX,2026-01-12T00:00:00Z,222,4.2,-0.8,1902,6.0
IAD_2026-01-12T12:00:00Z,IAD,2026-01-12T12:00:00Z,138,1.0,-7.0,371,7.3
OKX_2026-01-12T12:00:00Z,OKX,2026-01-12T12:00:00Z,134,-0.9,-7.9,,4.6
IAD_2026-01-13T00:00:00Z,IAD,2026-01-13T00:00:00Z,160,6.6,-6.4,3376,6.7
OKX_2026-01-13T00:00:00Z,OKX,2026-01-13T00:00:00Z,129,2.2,-4.8,1528,7.3
IAD_2026-01-13T12:00:00Z,IAD,2026-01-13T12:00:00Z,125,-3.7,-6.6,108,6.0
OKX_2026-01-13T12:00:00Z,OKX,2026-01-13T12:00:00Z,150,-0.9,-4.9,201,7.3
IAD_2026-01-14T00:00:00Z,IAD,2026-01-14T00:00:00Z,132,10.6,-3.4,7533,10.8
OKX_2026-01-14T00:00:00Z,OKX,2026-01-14T00:00:00Z,197,4.8,0.2,6444,9.4
IAD_2026-01-14T12:00:00Z,IAD,2026-01-14T12:00:00Z,156,8.6,-3.4,7134,16.1
OKX_2026-01-14T12:00:00Z,OKX,2026-01-14T12:00:00Z,184,6.4,3.4,7533,13.8
IAD_2026-01-15T00:00:00Z,IAD,2026-01-15T00:00:00Z,159,8.4,-0.6,5415,14.5
OKX_2026-01-15T00:00:00Z,OKX,2026-01-15T00:00:00Z,216,6.6,3.9,6059,15.7
IAD_2026-01-15T12:00:00Z,IAD,2026-01-15T12:00:00Z,131,-0.7,-11.7,,3.3
OKX_2026-01-15T12:00:00Z,OKX,2026-01-15T12:00:00Z,203,5.6,3.3,4334,14.8
IAD_2026-01-16T00:00:00Z,IAD,2026-01-16T00:00:00Z,129,-4.1,-15.1,,3.5
OKX_2026-01-16T00:00:00Z,OKX,2026-01-16T00:00:00Z,192,1.0,-10.0,194,3.2
IAD_2026-01-16T12:00:00Z,IAD,2026-01-16T12:00:00Z,134,-5.7,-13.7,,3.5
OKX_2026-01-16T12:00:00Z,OKX,2026-01-16T12:00:00Z,143,-6.7,-12.7,,3.6
IAD_2026-01-17T00:00:00Z,IAD,2026-01-17T00:00:00Z,166,0.8,-12.2,297,7.6
OKX_2026-01-17T00:00:00Z,OKX,2026-01-17T00:00:00Z,203,-2.3,-11.3,,6.8
IAD_2026-01-17T12:00:00Z,IAD,2026-01-17T12:00:00Z,159,3.4,-10.6,1169,13.0
OKX_2026-01-17T12:00:00Z,OKX,2026-01-17T12:00:00Z,130,4.0,-5.0,1945,10.3
IAD_2026-01-18T00:00:00Z,IAD,2026-01-18T00:00:00Z,104,3.0,-1.5,3134,9.8
OKX_2026-01-18T00:00:00Z,OKX,2026-01-18T00:00:00Z,127,0.4,0.0,565,10.1
IAD_2026-01-18T12:00:00Z,IAD,2026-01-18T12:00:00Z,181,1.6,0.4,931,14.7
OKX_2026-01-18T12:00:00Z,OKX,2026-01-18T12:00:00Z,106,-0.5,-1.1,117,13.6
IAD_2026-01-19T00:00:00Z,IAD,2026-01-19T00:00:00Z,145,-0.5,-8.5,,5.6
OKX_2026-01-19T00:00:00Z,OKX,2026-01-19T00:00:00Z,115,-0.3,-0.6,65,15.2
IAD_2026-01-19T12:00:00Z,IAD,2026-01-19T12:00:00Z,168,-6.7,-10.9,,5.2
OKX_2026-01-19T12:00:00Z,OKX,2026-01-19T12:00:00Z,128,-2.3,-3.1,,6.1
IAD_2026-01-20T00:00:00Z,IAD,2026-01-20T00:00:00Z,155,3.2,-12.8,1079,4.3
OKX_2026-01-20T00:00:00Z,OKX,2026-01-20T00:00:00Z,127,-2.9,-7.9,,3.8
IAD_2026-01-20T12:00:00Z,IAD,2026-01-20T12:00:00Z,104,-8.1,-19.1,,2.9
OKX_2026-01-20T12:00:00Z,OKX,2026-01-20T12:00:00Z,191,-7.3,-13.3,,2.6
IAD_2026-01-21T00:00:00Z,IAD,2026-01-21T00:00:00Z,85,-3.3,-20.3,,2.1
OKX_2026-01-21T00:00:00Z,OKX,2026-01-21T00:00:00Z,215,-7.5,-17.5,,1.9
IAD_2026-01-21T12:00:00Z,IAD,2026-01-21T12:00:00Z,145,-11.1,-14.7,,5.4
OKX_2026-01-21T12:00:00Z,OKX,2026-01-21T12:00:00Z,207,-14.3,-16.1,,2.8
IAD_2026-01-22T00:00:00Z,IAD,2026-01-22T00:00:00Z,154,4.4,-12.6,2163,9.1
OKX_2026-01-22T00:00:00Z,OKX,2026-01-22T00:00:00Z,221,2.0,-4.0,1103,10.1
IAD_2026-01-22T12:00:00Z,IAD,2026-01-22T12:00:00Z,148,2.2,-6.8,3750,7.8
OKX_2026-01-22T12:00:00Z,OKX,2026-01-22T12:00:00Z,202,4.8,-1.2,4116,8.5
IAD_2026-01-23T00:00:00Z,IAD,2026-01-23T00:00:00Z,173,8.4,-9.6,3656,4.5
OKX_2026-01-23T00:00:00Z,OKX,2026-01-23T00:00:00Z,110,5.4,-3.6,2822,5.9
IAD_2026-01-23T12:00:00Z,IAD,2026-01-23T12:00:00Z,161,-3.9,-9.9,22,5.7
OKX_2026-01-23T12:00:00Z,OKX,2026-01-23T12:00:00Z,206,-3.1,-9.1,,4.5
IAD_2026-01-24T00:00:00Z,IAD,2026-01-24T00:00:00Z,187,4.0,-12.0,1410,7.3
OKX_2026-01-24T00:00:00Z,OKX,2026-01-24T00:00:00Z,200,0.8,-13.2,532,4.3
IAD_2026-01-24T12:00:00Z,IAD,2026-01-24T12:00:00Z,108,-13.5,-24.5,,4.8
OKX_2026-01-24T12:00:00Z,OKX,2026-01-24T12:00:00Z,124,-11.9,-19.9,,2.4
IAD_2026-01-25T00:00:00Z,IAD,2026-01-25T00:00:00Z,121,-8.1,-23.1,,8.9
OKX_2026-01-25T00:00:00Z,OKX,2026-01-25T00:00:00Z,203,-9.7,-22.7,,4.0
IAD_2026-01-25T12:00:00Z,IAD,2026-01-25T12:00:00Z,116,-9.9,-11.7,,17.9
OKX_2026-01-25T12:00:00Z,OKX,2026-01-25T12:00:00Z,115,-10.3,-17.3,,10.1
IAD_2026-01-26T00:00:00Z,IAD,2026-01-26T00:00:00Z,96,-8.7,-10.5,4180,26.1
OKX_2026-01-26T00:00:00Z,OKX,2026-01-26T00:00:00Z,133,-5.3,-6.0,5023,22.3
IAD_2026-01-26T12:00:00Z,IAD,2026-01-26T12:00:00Z,90,-8.1,-10.8,,11.4
OKX_2026-01-26T12:00:00Z,OKX,2026-01-26T12:00:00Z,199,-7.1,-7.6,,13.0
IAD_2026-01-27T00:00:00Z,IAD,2026-01-27T00:00:00Z,91,-5.3,-14.3,,2.7
OKX_2026-01-27T00:00:00Z,OKX,2026-01-27T00:00:00Z,199,-4.1,-6.9,,5.0
IAD_2026-01-27T12:00:00Z,IAD,2026-01-27T12:00:00Z,87,-12.1,-19.1,,2.4
OKX_2026-01-27T12:00:00Z,OKX,2026-01-27T12:00:00Z,206,-9.3,-14.3,,2.5
IAD_2026-01-28T00:00:00Z,IAD,2026-01-28T00:00:00Z,124,-2.3,-13.3,,3.3
OKX_2026-01-28T00:00:00Z,OKX,2026-01-28T00:00:00Z,137,-7.3,-13.3,,3.3
IAD_2026-01-28T12:00:00Z,IAD,2026-01-28T12:00:00Z,124,-9.1,-18.1,,2.5
OKX_2026-01-28T12:00:00Z,OKX,2026-01-28T12:00:00Z,217,-9.7,-14.5,,2.4
IAD_2026-01-29T00:00:00Z,IAD,2026-01-29T00:00:00Z,117,-5.7,-13.7,,3.1
OKX_2026-01-29T00:00:00Z,OKX,2026-01-29T00:00:00Z,137,-6.3,-12.3,,3.0
IAD_2026-01-29T12:00:00Z,IAD,2026-01-29T12:00:00Z,92,-9.9,-19.9,,2.0
OKX_2026-01-29T12:00:00Z,OKX,2026-01-29T12:00:00Z,194,-10.7,-14.2,,2.8
IAD_2026-01-30T00:00:00Z,IAD,2026-01-30T00:00:00Z,118,-6.3,-17.3,,3.3
OKX_2026-01-30T00:00:00Z,OKX,2026-01-30T00:00:00Z,152,-7.3,-14.3,,2.4
IAD_2026-01-30T12:00:00Z,IAD,2026-01-30T12:00:00Z,110,-11.1,-17.1,,3.3
OKX_2026-01-30T12:00:00Z,OKX,2026-01-30T12:00:00Z,200,-12.3,-18.3,,1.5
IAD_2026-01-31T00:00:00Z,IAD,2026-01-31T00:00:00Z,160,-6.9,-18.9,,3.3
OKX_2026-01-31T00:00:00Z,OKX,2026-01-31T00:00:00Z,132,-8.9,-17.9,,2.3
IAD_2026-01-31T12:00:00Z,IAD,2026-01-31T12:00:00Z,139,-12.1,-18.1,,3.8
OKX_2026-01-31T12:00:00Z,OKX,2026-01-31T12:00:00Z,134,-19.1,-20.9,,3.2
IAD_2026-02-01T00:00:00Z,IAD,2026-02-01T00:00:00Z,98,-6.7,-14.7,,4.4
OKX_2026-02-01T00:00:00Z,OKX,2026-02-01T00:00:00Z,121,-8.1,-13.1,,3.8
IAD_2026-02-01T12:00:00Z,IAD,2026-02-01T12:00:00Z,134,-10.3,-16.3,,2.9
OKX_2026-02-01T12:00:00Z,OKX,2026-02-01T12:00:00Z,183,-10.3,-12.9,,3.9
IAD_2026-02-02T00:00:00Z,IAD,2026-02-02T00:00:00Z,62,-3.7,-14.7,,3.7
OKX_2026-02-02T00:00:00Z,OKX,2026-02-02T00:00:00Z,105,-7.1,-15.1,,2.5
IAD_2026-02-02T12:00:00Z,IAD,2026-02-02T12:00:00Z,115,-6.5,-13.5,,2.7
OKX_2026-02-02T12:00:00Z,OKX,2026-02-02T12:00:00Z,189,-8.3,-15.3,,2.7
IAD_2026-02-03T00:00:00Z,IAD,2026-02-03T00:00:00Z,106,-0.5,-11.5,45,3.8
OKX_2026-02-03T00:00:00Z,OKX,2026-02-03T00:00:00Z,211,-0.9,-12.9,,1.8
IAD_2026-02-03T12:00:00Z,IAD,2026-02-03T12:00:00Z,161,-3.5,-8.5,,6.5
OKX_2026-02-03T12:00:00Z,OKX,2026-02-03T12:00:00Z,225,-9.7,-12.3,,3.2
IAD_2026-02-04T00:00:00Z,IAD,2026-02-04T00:00:00Z,89,1.6,-5.4,1875,11.1
OKX_2026-02-04T00:00:00Z,OKX,2026-02-04T00:00:00Z,124,-3.7,-8.0,,4.0
IAD_2026-02-04T12:00:00Z,IAD,2026-02-04T12:00:00Z,132,0.0,-4.4,0,5.4
OKX_2026-02-04T12:00:00Z,OKX,2026-02-04T12:00:00Z,222,-4.3,-7.9,,3.9
IAD_2026-02-05T00:00:00Z,IAD,2026-02-05T00:00:00Z,124,0.4,-9.6,180,5.4
OKX_2026-02-05T00:00:00Z,OKX,2026-02-05T00:00:00Z,232,-3.9,-9.9,,3.2
IAD_2026-02-05T12:00:00Z,IAD,2026-02-05T12:00:00Z,152,-7.5,-12.0,,3.6
OKX_2026-02-05T12:00:00Z,OKX,2026-02-05T12:00:00Z,237,-11.7,-12.6,,3.5
IAD_2026-02-06T00:00:00Z,IAD,2026-02-06T00:00:00Z,164,-0.7,-11.7,,4.1
OKX_2026-02-06T00:00:00Z,OKX,2026-02-06T00:00:00Z,241,-3.5,-9.5,,3.9
IAD_2026-02-06T12:00:00Z,IAD,2026-02-06T12:00:00Z,188,-11.7,-13.7,,5.7
OKX_2026-02-06T12:00:00Z,OKX,2026-02-06T12:00:00Z,236,-13.7,-15.0,,4.9
IAD_2026-02-07T00:00:00Z,IAD,2026-02-07T00:00:00Z,93,-2.1,-4.1,,8.9
OKX_2026-02-07T00:00:00Z,OKX,2026-02-07T00:00:00Z,229,-1.7,-5.2,,6.9
IAD_2026-02-07T12:00:00Z,IAD,2026-02-07T12:00:00Z,140,-5.7,-16.7,,2.2
OKX_2026-02-07T12:00:00Z,OKX,2026-02-07T12:00:00Z,218,-3.3,-4.1,,6.2
IAD_2026-02-08T00:00:00Z,IAD,2026-02-08T00:00:00Z,97,-7.3,-19.3,,1.8
IAD_2026-02-08T12:00:00Z,IAD,2026-02-08T12:00:00Z,121,-10.7,-18.7,,2.5
OKX_2026-02-08T12:00:00Z,OKX,2026-02-08T12:00:00Z,248,-15.5,-20.5,,2.5
IAD_2026-02-09T00:00:00Z,IAD,2026-02-09T00:00:00Z,91,-5.5,-17.5,,2.3
OKX_2026-02-09T00:00:00Z,OKX,2026-02-09T00:00:00Z,212,-9.5,-17.5,,2.0
IAD_2026-02-09T12:00:00Z,IAD,2026-02-09T12:00:00Z,99,-9.5,-17.5,,2.7
OKX_2026-02-09T12:00:00Z,OKX,2026-02-09T12:00:00Z,212,-10.9,-16.9,,2.3
IAD_2026-02-10T00:00:00Z,IAD,2026-02-10T00:00:00Z,105,-0.5,-16.5,4261,5.4
OKX_2026-02-10T00:00:00Z,OKX,2026-02-10T00:00:00Z,216,-3.3,-15.3,,5.2
IAD_2026-02-10T12:00:00Z,IAD,2026-02-10T12:00:00Z,183,-1.3,-9.3,1566,14.8
OKX_2026-02-10T12:00:00Z,OKX,2026-02-10T12:00:00Z,141,-6.1,-9.9,,6.3
IAD_2026-02-11T00:00:00Z,IAD,2026-02-11T00:00:00Z,180,6.8,-6.2,8993,11.0
OKX_2026-02-11T00:00:00Z,OKX,2026-02-11T00:00:00Z,192,-0.7,-4.2,2403,13.4
IAD_2026-02-11T12:00:00Z,IAD,2026-02-11T12:00:00Z,170,7.0,1.0,3280,10.6
OKX_2026-02-11T12:00:00Z,OKX,2026-02-11T12:00:00Z,125,-1.1,-1.4,239,6.0
IAD_2026-02-12T00:00:00Z,IAD,2026-02-12T00:00:00Z,141,5.4,-4.6,1979,6.3
IAD_2026-02-12T12:00:00Z,IAD,2026-02-12T12:00:00Z,142,1.0,-6.0,279,5.8
OKX_2026-02-12T12:00:00Z,OKX,2026-02-12T12:00:00Z,147,-2.5,-8.5,,6.1
IAD_2026-02-13T00:00:00Z,IAD,2026-02-13T00:00:00Z,83,1.0,-8.0,266,5.9
OKX_2026-02-13T00:00:00Z,OKX,2026-02-13T00:00:00Z,231,0.2,-7.8,217,4.9
IAD_2026-02-13T12:00:00Z,IAD,2026-02-13T12:00:00Z,167,-3.1,-9.1,,4.9
OKX_2026-02-13T12:00:00Z,OKX,2026-02-13T12:00:00Z,155,-5.5,-10.5,,3.7
IAD_2026-02-14T00:00:00Z,IAD,2026-02-14T00:00:00Z,166,2.0,-10.0,1336,4.7
OKX_2026-02-14T00:00:00Z,OKX,2026-02-14T00:00:00Z,211,-2.7,-6.5,275,3.7
IAD_2026-02-14T12:00:00Z,IAD,2026-02-14T12:00:00Z,86,-4.5,-9.0,317,7.9
OKX_2026-02-14T12:00:00Z,OKX,2026-02-14T12:00:00Z,135,-4.3,-7.4,,7.7
IAD_2026-02-15T00:00:00Z,IAD,2026-02-15T00:00:00Z,162,9.8,-2.2,4646,8.2
OKX_2026-02-15T00:00:00Z,OKX,2026-02-15T00:00:00Z,205,2.4,-2.6,2085,6.8
IAD_2026-02-15T12:00:00Z,IAD,2026-02-15T12:00:00Z,84,2.8,-2.2,5090,13.6
OKX_2026-02-15T12:00:00Z,OKX,2026-02-15T12:00:00Z,206,-6.3,-6.7,264,7.5
IAD_2026-02-16T00:00:00Z,IAD,2026-02-16T00:00:00Z,104,4.8,4.1,4214,21.8
OKX_2026-02-16T00:00:00Z,OKX,2026-02-16T00:00:00Z,208,1.4,-3.6,553,10.9
IAD_2026-02-16T12:00:00Z,IAD,2026-02-16T12:00:00Z,75,2.2,1.0,1017,9.9
OKX_2026-02-16T12:00:00Z,OKX,2026-02-16T12:00:00Z,104,-1.5,-1.9,,11.8
IAD_2026-02-17T00:00:00Z,IAD,2026-02-17T00:00:00Z,140,5.2,1.7,7683,9.9
OKX_2026-02-17T00:00:00Z,OKX,2026-02-17T00:00:00Z,204,0.2,-3.7,1299,7.2
IAD_2026-02-17T12:00:00Z,IAD,2026-02-17T12:00:00Z,204,2.0,1.4,889,12.1
OKX_2026-02-17T12:00:00Z,OKX,2026-02-17T12:00:00Z,226,-2.5,-3.0,405,11.5
IAD_2026-02-18T00:00:00Z,IAD,2026-02-18T00:00:00Z,99,6.6,3.2,8810,12.2
OKX_2026-02-18T00:00:00Z,OKX,2026-02-18T00:00:00Z,187,1.6,1.0,7223,9.2
IAD_2026-02-18T12:00:00Z,IAD,2026-02-18T12:00:00Z,177,4.0,3.0,10274,16.9
OKX_2026-02-18T12:00:00Z,OKX,2026-02-18T12:00:00Z,223,-0.5,-0.5,191,15.6
IAD_2026-02-19T00:00:00Z,IAD,2026-02-19T00:00:00Z,100,13.4,8.4,9939,23.9
OKX_2026-02-19T00:00:00Z,OKX,2026-02-19T00:00:00Z,221,1.8,1.7,7217,19.0
IAD_2026-02-19T12:00:00Z,IAD,2026-02-19T12:00:00Z,108,3.8,2.8,7894,13.5
OKX_2026-02-19T12:00:00Z,OKX,2026-02-19T12:00:00Z,130,1.4,-1.2,1013,10.4
IAD_2026-02-20T00:00:00Z,IAD,2026-02-20T00:00:00Z,162,5.2,4.5,8013,23.6
OKX_2026-02-20T00:00:00Z,OKX,2026-02-20T00:00:00Z,219,2.4,-0.9,1144,8.6
IAD_2026-02-20T12:00:00Z,IAD,2026-02-20T12:00:00Z,120,4.0,3.6,9139,27.5
OKX_2026-02-20T12:00:00Z,OKX,2026-02-20T12:00:00Z,123,1.2,0.5,5336,14.8
IAD_2026-02-21T00:00:00Z,IAD,2026-02-21T00:00:00Z,147,13.6,10.2,7881,9.8
OKX_2026-02-21T00:00:00Z,OKX,2026-02-21T00:00:00Z,170,2.4,2.3,7320,15.3
IAD_2026-02-21T12:00:00Z,IAD,2026-02-21T12:00:00Z,181,5.2,-2.8,7967,6.4
OKX_2026-02-21T12:00:00Z,OKX,2026-02-21T12:00:00Z,149,0.8,0.8,1268,9.5
IAD_2026-02-22T00:00:00Z,IAD,2026-02-22T00:00:00Z,196,8.4,-1.6,4485,10.4
OKX_2026-02-22T00:00:00Z,OKX,2026-02-22T00:00:00Z,111,3.4,-0.2,2288,8.2
IAD_2026-02-22T12:00:00Z,IAD,2026-02-22T12:00:00Z,143,3.4,1.9,1980,14.9
OKX_2026-02-22T12:00:00Z,OKX,2026-02-22T12:00:00Z,125,1.4,0.4,370,12.1
IAD_2026-02-23T00:00:00Z,IAD,2026-02-23T00:00:00Z,95,0.6,-0.1,247,10.5
OKX_2026-02-23T00:00:00Z,OKX,2026-02-23T00:00:00Z,202,-0.3,-0.6,,12.8
IAD_2026-02-23T12:00:00Z,IAD,2026-02-23T12:00:00Z,142,0.4,-3.9,157,8.6
OKX_2026-02-23T12:00:00Z,OKX,2026-02-23T12:00:00Z,179,-1.7,-1.8,,10.8
IAD_2026-02-24T00:00:00Z,IAD,2026-02-24T00:00:00Z,94,3.0,-5.0,897,7.3
OKX_2026-02-24T00:00:00Z,OKX,2026-02-24T00:00:00Z,137,0.2,-5.8,82,7.4
IAD_2026-02-24T12:00:00Z,IAD,2026-02-24T12:00:00Z,82,-3.7,-10.7,,4.3
IAD_2026-02-25T00:00:00Z,IAD,2026-02-25T00:00:00Z,151,3.0,-10.0,1327,6.1
OKX_2026-02-25T00:00:00Z,OKX,2026-02-25T00:00:00Z,195,-3.1,-11.1,,3.5
IAD_2026-02-25T12:00:00Z,IAD,2026-02-25T12:00:00Z,81,2.8,-7.2,3616,11.5
OKX_2026-02-25T12:00:00Z,OKX,2026-02-25T12:00:00Z,103,1.8,-0.9,1315,11.1
IAD_2026-02-26T00:00:00Z,IAD,2026-02-26T00:00:00Z,150,12.0,1.0,4795,11.6
IAD_2026-02-26T12:00:00Z,IAD,2026-02-26T12:00:00Z,104,3.8,-0.2,4703,10.7
OKX_2026-02-26T12:00:00Z,OKX,2026-02-26T12:00:00Z,124,-3.1,-3.4,79,7.0
IAD_2026-02-27T00:00:00Z,IAD,2026-02-27T00:00:00Z,137,5.8,2.6,3880,14.9
OKX_2026-02-27T00:00:00Z,OKX,2026-02-27T00:00:00Z,139,3.0,-2.0,2679,10.8
IAD_2026-02-27T12:00:00Z,IAD,2026-02-27T12:00:00Z,111,-1.3,-1.9,62,9.4
OKX_2026-02-27T12:00:00Z,OKX,2026-02-27T12:00:00Z,204,-7.1,-7.5,,6.1
IAD_2026-02-28T00:00:00Z,IAD,2026-02-28T00:00:00Z,85,10.0,0.0,4476,9.2
OKX_2026-02-28T00:00:00Z,OKX,2026-02-28T00:00:00Z,107,0.6,-2.9,3400,6.4
IAD_2026-02-28T12:00:00Z,IAD,2026-02-28T12:00:00Z,164,2.6,-1.6,7415,12.2
OKX_2026-02-28T12:00:00Z,OKX,2026-02-28T12:00:00Z,199,-6.9,-7.4,438,9.6
IAD_2026-03-01T00:00:00Z,IAD,2026-03-01T00:00:00Z,160,14.6,4.6,7182,14.6
OKX_2026-03-01T00:00:00Z,OKX,2026-03-01T00:00:00Z,127,4.6,3.3,7283,13.3
IAD_2026-03-01T12:00:00Z,IAD,2026-03-01T12:00:00Z,165,9.0,3.0,6637,15.7
OKX_2026-03-01T12:00:00Z,OKX,2026-03-01T12:00:00Z,146,-0.5,-0.5,95,12.9
IAD_2026-03-02T00:00:00Z,IAD,2026-03-02T00:00:00Z,102,7.6,-3.4,2778,9.2
OKX_2026-03-02T00:00:00Z,OKX,2026-03-02T00:00:00Z,221,0.4,-7.6,1145,3.4
IAD_2026-03-02T12:00:00Z,IAD,2026-03-02T12:00:00Z,173,-0.7,-9.7,,11.2
OKX_2026-03-02T12:00:00Z,OKX,2026-03-02T12:00:00Z,123,-6.7,-14.7,,2.8
IAD_2026-03-03T00:00:00Z,IAD,2026-03-03T00:00:00Z,198,-0.7,-2.0,,17.1
OKX_2026-03-03T00:00:00Z,OKX,2026-03-03T00:00:00Z,213,-3.9,-11.9,,3.3
IAD_2026-03-03T12:00:00Z,IAD,2026-03-03T12:00:00Z,200,0.0,-0.8,0,20.6
OKX_2026-03-03T12:00:00Z,OKX,2026-03-03T12:00:00Z,208,-6.1,-8.5,,10.0
IAD_2026-03-04T00:00:00Z,IAD,2026-03-04T00:00:00Z,118,4.4,3.7,7925,27.0
OKX_2026-03-04T00:00:00Z,OKX,2026-03-04T00:00:00Z,212,0.8,0.8,315,23.0
IAD_2026-03-04T12:00:00Z,IAD,2026-03-04T12:00:00Z,185,7.0,6.4,8941,25.9
OKX_2026-03-04T12:00:00Z,OKX,2026-03-04T12:00:00Z,205,0.6,0.6,8763,15.5
IAD_2026-03-05T00:00:00Z,IAD,2026-03-05T00:00:00Z,201,9.6,9.0,9895,28.6
IAD_2026-03-05T12:00:00Z,IAD,2026-03-05T12:00:00Z,125,8.0,7.9,9915,29.5
OKX_2026-03-05T12:00:00Z,OKX,2026-03-05T12:00:00Z,138,1.2,1.1,8609,23.9
IAD_2026-03-06T00:00:00Z,IAD,2026-03-06T00:00:00Z,125,13.4,10.8,10817,29.9
OKX_2026-03-06T00:00:00Z,OKX,2026-03-06T00:00:00Z,170,3.8,3.7,10062,27.4
IAD_2026-03-06T12:00:00Z,IAD,2026-03-06T12:00:00Z,183,9.8,9.5,11018,26.6
OKX_2026-03-06T12:00:00Z,OKX,2026-03-06T12:00:00Z,205,2.4,2.3,9094,19.5
IAD_2026-03-07T00:00:00Z,IAD,2026-03-07T00:00:00Z,126,9.6,8.0,10711,28.9
OKX_2026-03-07T00:00:00Z,OKX,2026-03-07T00:00:00Z,212,2.8,0.9,1164,16.1
IAD_2026-03-07T12:00:00Z,IAD,2026-03-07T12:00:00Z,125,5.8,5.2,11058,25.9
OKX_2026-03-07T12:00:00Z,OKX,2026-03-07T12:00:00Z,248,1.2,1.2,10819,26.9
IAD_2026-03-08T00:00:00Z,IAD,2026-03-08T00:00:00Z,106,19.6,15.5,11936,31.2
OKX_2026-03-08T00:00:00Z,OKX,2026-03-08T00:00:00Z,206,6.0,6.0,12056,27.1
IAD_2026-03-08T12:00:00Z,IAD,2026-03-08T12:00:00Z,175,18.2,16.4,10592,32.9
OKX_2026-03-08T12:00:00Z,OKX,2026-03-08T12:00:00Z,211,6.4,6.4,11238,32.3
IAD_2026-03-09T00:00:00Z,IAD,2026-03-09T00:00:00Z,142,21.0,6.0,10023,13.6
OKX_2026-03-09T00:00:00Z,OKX,2026-03-09T00:00:00Z,166,9.8,9.2,7898,14.0
OKX_2026-03-09T12:00:00Z,OKX,2026-03-09T12:00:00Z,114,-0.3,-0.3,16,8.9
IAD_2026-03-10T00:00:00Z,IAD,2026-03-10T00:00:00Z,144,20.6,4.6,12329,12.3
OKX_2026-03-10T00:00:00Z,OKX,2026-03-10T00:00:00Z,224,12.2,4.2,11933,8.2
IAD_2026-03-10T12:00:00Z,IAD,2026-03-10T12:00:00Z,183,8.0,5.3,9889,13.1
OKX_2026-03-10T12:00:00Z,OKX,2026-03-10T12:00:00Z,117,1.8,1.8,11370,10.6
IAD_2026-03-11T00:00:00Z,IAD,2026-03-11T00:00:00Z,175,26.0,9.0,10833,23.9
OKX_2026-03-11T00:00:00Z,OKX,2026-03-11T00:00:00Z,210,14.2,6.2,11320,17.0
IAD_2026-03-11T12:00:00Z,IAD,2026-03-11T12:00:00Z,193,14.8,10.8,11808,19.9
OKX_2026-03-11T12:00:00Z,OKX,2026-03-11T12:00:00Z,222,7.2,5.7,10607,21.7
OKX_2026-03-12T00:00:00Z,OKX,2026-03-12T00:00:00Z,198,13.8,11.9,11412,34.9
IAD_2026-03-12T12:00:00Z,IAD,2026-03-12T12:00:00Z,111,10.6,7.8,10464,31.0
OKX_2026-03-12T12:00:00Z,OKX,2026-03-12T12:00:00Z,178,9.0,8.9,12196,34.0
IAD_2026-03-13T00:00:00Z,IAD,2026-03-13T00:00:00Z,147,6.6,-7.4,2315,4.8
OKX_2026-03-13T00:00:00Z,OKX,2026-03-13T00:00:00Z,164,0.6,0.5,230,14.2
IAD_2026-03-13T12:00:00Z,IAD,2026-03-13T12:00:00Z,106,-1.9,-5.1,73,7.1
OKX_2026-03-13T12:00:00Z,OKX,2026-03-13T12:00:00Z,232,-3.1,-6.4,,3.4
IAD_2026-03-14T00:00:00Z,IAD,2026-03-14T00:00:00Z,144,12.6,-2.4,6546,9.1
OKX_2026-03-14T00:00:00Z,OKX,2026-03-14T00:00:00Z,192,3.6,-2.4,1320,8.5
IAD_2026-03-14T12:00:00Z,IAD,2026-03-14T12:00:00Z,151,9.6,-11.4,4126,5.8
OKX_2026-03-14T12:00:00Z,OKX,2026-03-14T12:00:00Z,115,3.2,-1.5,3566,6.5
IAD_2026-03-15T00:00:00Z,IAD,2026-03-15T00:00:00Z,111,13.6,-10.4,6452,12.1
OKX_2026-03-15T00:00:00Z,OKX,2026-03-15T00:00:00Z,117,7.0,-6.0,2632,5.1
IAD_2026-03-15T12:00:00Z,IAD,2026-03-15T12:00:00Z,196,6.0,-3.0,8774,14.6
OKX_2026-03-15T12:00:00Z,OKX,2026-03-15T12:00:00Z,251,-0.7,-3.4,80,10.5
IAD_2026-03-16T00:00:00Z,IAD,2026-03-16T00:00:00Z,132,12.4,4.4,9741,24.7
OKX_2026-03-16T00:00:00Z,OKX,2026-03-16T00:00:00Z,130,4.8,1.5,6814,13.9
IAD_2026-03-16T12:00:00Z,IAD,2026-03-16T12:00:00Z,188,17.2,16.4,11797,28.9
OKX_2026-03-16T12:00:00Z,OKX,2026-03-16T12:00:00Z,116,10.8,10.6,10249,33.2
IAD_2026-03-17T00:00:00Z,IAD,2026-03-17T00:00:00Z,176,18.4,15.8,9723,32.3
OKX_2026-03-17T00:00:00Z,OKX,2026-03-17T00:00:00Z,184,12.6,12.4,10830,37.2
IAD_2026-03-17T12:00:00Z,IAD,2026-03-17T12:00:00Z,166,-0.9,-8.9,,4.7
OKX_2026-03-17T12:00:00Z,OKX,2026-03-17T12:00:00Z,196,2.8,-2.2,868,6.1
IAD_2026-03-18T00:00:00Z,IAD,2026-03-18T00:00:00Z,171,1.6,-10.4,429,4.0
OKX_2026-03-18T00:00:00Z,OKX,2026-03-18T00:00:00Z,205,3.0,-10.0,899,4.0
IAD_2026-03-18T12:00:00Z,IAD,2026-03-18T12:00:00Z,92,-3.5,-10.5,,5.1
OKX_2026-03-18T12:00:00Z,OKX,2026-03-18T12:00:00Z,181,-3.9,-10.9,,3.6
IAD_2026-03-19T00:00:00Z,IAD,2026-03-19T00:00:00Z,156,4.0,-11.0,1413,9.0
OKX_2026-03-19T00:00:00Z,OKX,2026-03-19T00:00:00Z,252,-1.7,-7.7,,5.2
IAD_2026-03-19T12:00:00Z,IAD,2026-03-19T12:00:00Z,178,2.2,-2.8,887,10.3
OKX_2026-03-19T12:00:00Z,OKX,2026-03-19T12:00:00Z,154,-4.7,-5.9,,7.9
IAD_2026-03-20T00:00:00Z,IAD,2026-03-20T00:00:00Z,160,13.0,1.0,6715,12.3
OKX_2026-03-20T00:00:00Z,OKX,2026-03-20T00:00:00Z,254,2.4,-1.0,1864,7.6
IAD_2026-03-20T12:00:00Z,IAD,2026-03-20T12:00:00Z,123,2.6,0.2,7617,12.9
OKX_2026-03-20T12:00:00Z,OKX,2026-03-20T12:00:00Z,139,0.0,-0.1,0,7.6
IAD_2026-03-21T00:00:00Z,IAD,2026-03-21T00:00:00Z,114,15.4,10.6,7372,23.7
OKX_2026-03-21T00:00:00Z,OKX,2026-03-21T00:00:00Z,198,7.4,3.6,7539,16.5
IAD_2026-03-21T12:00:00Z,IAD,2026-03-21T12:00:00Z,107,10.0,9.2,9171,16.2
IAD_2026-03-22T00:00:00Z,IAD,2026-03-22T00:00:00Z,190,19.6,4.6,9050,18.1
OKX_2026-03-22T00:00:00Z,OKX,2026-03-22T00:00:00Z,178,9.6,-0.4,7338,9.4
IAD_2026-03-22T12:00:00Z,IAD,2026-03-22T12:00:00Z,91,8.0,6.8,10173,21.5
OKX_2026-03-22T12:00:00Z,OKX,2026-03-22T12:00:00Z,131,5.8,3.6,8524,20.4
IAD_2026-03-23T00:00:00Z,IAD,2026-03-23T00:00:00Z,75,28.8,8.8,11239,21.1
OKX_2026-03-23T00:00:00Z,OKX,2026-03-23T00:00:00Z,125,9.8,8.7,10139,24.5
IAD_2026-03-23T12:00:00Z,IAD,2026-03-23T12:00:00Z,172,14.6,13.5,9835,24.4
OKX_2026-03-23T12:00:00Z,OKX,2026-03-23T12:00:00Z,146,4.6,4.3,8176,26.8
IAD_2026-03-24T00:00:00Z,IAD,2026-03-24T00:00:00Z,157,8.8,-2.2,2831,7.0
OKX_2026-03-24T00:00:00Z,OKX,2026-03-24T00:00:00Z,108,3.4,1.6,1572,9.0
IAD_2026-03-24T12:00:00Z,IAD,2026-03-24T12:00:00Z,186,0.4,-7.6,219,4.4
OKX_2026-03-24T12:00:00Z,OKX,2026-03-24T12:00:00Z,204,-0.1,-4.7,,3.6
IAD_2026-03-25T00:00:00Z,IAD,2026-03-25T00:00:00Z,96,9.6,-7.4,3492,5.5
OKX_2026-03-25T00:00:00Z,OKX,2026-03-25T00:00:00Z,126,3.8,-5.2,2329,4.1
IAD_2026-03-25T12:00:00Z,IAD,2026-03-25T12:00:00Z,130,3.8,-1.0,6953,11.6
OKX_2026-03-25T12:00:00Z,OKX,2026-03-25T12:00:00Z,126,-0.3,-1.6,42,5.6
IAD_2026-03-26T00:00:00Z,IAD,2026-03-26T00:00:00Z,160,14.8,-4.2,8956,12.2
OKX_2026-03-26T00:00:00Z,OKX,2026-03-26T00:00:00Z,202,5.2,2.0,6045,10.9
IAD_2026-03-26T12:00:00Z,IAD,2026-03-26T12:00:00Z,175,11.0,2.0,9524,21.3
OKX_2026-03-26T12:00:00Z,OKX,2026-03-26T12:00:00Z,124,9.0,6.8,7998,17.5
IAD_2026-03-27T00:00:00Z,IAD,2026-03-27T00:00:00Z,196,25.2,12.2,12625,27.6
OKX_2026-03-27T00:00:00Z,OKX,2026-03-27T00:00:00Z,214,11.6,8.1,9892,23.9
IAD_2026-03-27T12:00:00Z,IAD,2026-03-27T12:00:00Z,192,16.8,15.2,11536,37.6
OKX_2026-03-27T12:00:00Z,OKX,2026-03-27T12:00:00Z,111,12.0,11.4,10546,28.4
IAD_2026-03-28T00:00:00Z,IAD,2026-03-28T00:00:00Z,213,6.0,2.8,3465,20.4
OKX_2026-03-28T00:00:00Z,OKX,2026-03-28T00:00:00Z,113,6.6,-4.4,2408,8.2
IAD_2026-03-28T12:00:00Z,IAD,2026-03-28T12:00:00Z,66,1.4,-9.6,465,3.0
OKX_2026-03-28T12:00:00Z,OKX,2026-03-28T12:00:00Z,205,-0.3,-9.3,,3.8
IAD_2026-03-29T00:00:00Z,IAD,2026-03-29T00:00:00Z,156,9.2,-8.8,2970,4.8
OKX_2026-03-29T00:00:00Z,OKX,2026-03-29T00:00:00Z,198,3.6,-11.4,1335,3.5
IAD_2026-03-29T12:00:00Z,IAD,2026-03-29T12:00:00Z,202,-1.1,-5.9,59,6.5
OKX_2026-03-29T12:00:00Z,OKX,2026-03-29T12:00:00Z,205,-7.1,-8.7,467,6.1
IAD_2026-03-30T00:00:00Z,IAD,2026-03-30T00:00:00Z,168,15.0,-2.0,7155,11.8
OKX_2026-03-30T00:00:00Z,OKX,2026-03-30T00:00:00Z,200,5.8,-1.2,4037,8.6
IAD_2026-03-30T12:00:00Z,IAD,2026-03-30T12:00:00Z,97,11.8,3.8,7052,22.1
OKX_2026-03-30T12:00:00Z,OKX,2026-03-30T12:00:00Z,117,7.8,6.1,7486,12.9
IAD_2026-03-31T00:00:00Z,IAD,2026-03-31T00:00:00Z,153,19.6,11.6,10425,27.9
OKX_2026-03-31T00:00:00Z,OKX,2026-03-31T00:00:00Z,187,12.4,7.9,10174,22.2
IAD_2026-03-31T12:00:00Z,IAD,2026-03-31T12:00:00Z,187,15.2,10.2,10490,26.7
OKX_2026-03-31T12:00:00Z,OKX,2026-03-31T12:00:00Z,113,10.0,8.1,10412,27.1
IAD_2026-04-01T00:00:00Z,IAD,2026-04-01T00:00:00Z,111,26.8,12.8,11957,28.3
OKX_2026-04-01T00:00:00Z,OKX,2026-04-01T00:00:00Z,112,13.8,10.0,11547,25.9
IAD_2026-04-01T12:00:00Z,IAD,2026-04-01T12:00:00Z,115,18.4,13.9,11566,27.1
OKX_2026-04-01T12:00:00Z,OKX,2026-04-01T12:00:00Z,221,14.0,11.3,10682,30.5
IAD_2026-04-02T00:00:00Z,IAD,2026-04-02T00:00:00Z,190,20.6,17.8,10944,31.9
OKX_2026-04-02T00:00:00Z,OKX,2026-04-02T00:00:00Z,123,17.2,12.7,10434,31.6
IAD_2026-04-02T12:00:00Z,IAD,2026-04-02T12:00:00Z,215,14.8,13.3,10907,31.5
OKX_2026-04-02T12:00:00Z,OKX,2026-04-02T12:00:00Z,114,5.8,-9.2,11011,29.1
IAD_2026-04-03T00:00:00Z,IAD,2026-04-03T00:00:00Z,212,11.6,10.0,11736,33.2
OKX_2026-04-03T00:00:00Z,OKX,2026-04-03T00:00:00Z,138,4.6,2.3,11098,28.7
IAD_2026-04-03T12:00:00Z,IAD,2026-04-03T12:00:00Z,171,9.4,8.8,11826,16.6
OKX_2026-04-03T12:00:00Z,OKX,2026-04-03T12:00:00Z,112,4.8,4.7,12013,25.8
IAD_2026-04-04T00:00:00Z,IAD,2026-04-04T00:00:00Z,220,27.0,15.0,11569,36.1
OKX_2026-04-04T00:00:00Z,OKX,2026-04-04T00:00:00Z,206,11.4,10.1,11725,30.8
IAD_2026-04-04T12:00:00Z,IAD,2026-04-04T12:00:00Z,154,19.4,15.7,11201,32.9
OKX_2026-04-04T12:00:00Z,OKX,2026-04-04T12:00:00Z,218,9.0,8.9,12144,24.4
